{"cameraMode":{"drawMode":0,"name":"Shaded","section":"Shading Mode"},"sceneLighting":false,"audioPlay":false,"sceneViewState":{"m_AlwaysRefresh":false,"showFog":true,"showSkybox":false,"showFlares":true,"showImageEffects":true,"showParticleSystems":true,"showVisualEffectGraphs":true,"m_FxEnabled":true},"in2DMode":false,"pivot":{"x":-0.5406202673912048,"y":0.3520315885543823,"z":4.014266490936279},"rotation":{"x":0.16255679726600648,"y":-0.08362659811973572,"z":0.013816186226904393,"w":0.9830530881881714},"size":2.5855557918548586,"orthographic":false}